Epitope,Epitope,Epitope,Epitope,Epitope,Epitope,Epitope,Epitope,Epitope,Epitope,Epitope,Epitope,Epitope,Epitope,Epitope,Epitope,Epitope,Related Object,Related Object,Related Object,Related Object,Related Object,Related Object,Related Object,Related Object,Related Object,Related Object,Related Object
Epitope ID,Object Type,Description,Epitope Modified Residue(s),Epitope Modification(s),Starting Position,Ending Position,Non-peptidic epitope Accession,Epitope Synonyms,Antigen Name,Antigen Accession,Parent Protein,Parent Protein Accession,Organism Name,Parent Organism,Parent Organism ID,Epitope Comments,Epitope Relationship,Object Type,Description,Starting Position,Ending Position,Non-peptidic object Accession,Synonyms,Antigen Name,Parent Protein,Organism Name,Parent Organism
"307","Linear peptide","AALVSGTATAGWTFGAG","","","857","873","","","E2 glycoprotein precursor","NP_828851.1","Spike glycoprotein","P59594","SARS coronavirus Tor2","SARS-CoV1","10002316","The epitope sequence was cited in Li et. al. Nature 426 (6965), 450-454 (2003) [PMID:14647384].","","","","","","","","","","",""
"462","Linear peptide","AATKMSECVLGQSKRVD","","","1007","1023","","","E2 glycoprotein precursor","NP_828851.1","Spike glycoprotein","P59594","SARS coronavirus Tor2","SARS-CoV1","10002316","The epitope sequence was cited in Li et. al. Nature 426 (6965), 450-454 (2003) [PMID:14647384].","","","","","","","","","","",""
"475","Linear peptide","AATVLQLPQGTTLPK","","","156","170","","","Nucleoprotein","P59595.1","Nucleoprotein","P59595","SARS coronavirus BJ01","SARS-CoV1","10002316","The epitope sequence was cited in Qin et al. A complete sequence and comparative analysis of a SARS-associated virus (Isolate BJ01), Chin. Sci. Bull. 48 (2003), pp. 941&ndash;948.","","","","","","","","","","",""
"525","Linear peptide","AAYFVGYLKPTTFMLKY","","","250","266","","","E2 glycoprotein precursor","NP_828851.1","Spike glycoprotein","P59594","SARS coronavirus Tor2","SARS-CoV1","10002316","The epitope sequence was cited in Li et. al. Nature 426 (6965), 450-454 (2003) [PMID:14647384].","","","","","","","","","","",""
"1460","Linear peptide","AGCLIGAEHVDTSYECD","","","633","649","","","E2 glycoprotein precursor","NP_828851.1","Spike glycoprotein","P59594","SARS coronavirus Tor2","SARS-CoV1","10002316","The epitope sequence was cited in Li et. al. Nature 426 (6965), 450-454 (2003) [PMID:14647384].","","","","","","","","","","",""
"2053","Linear peptide","AIPTNFSISITTEVMPV","","","695","711","","","E2 glycoprotein precursor","NP_828851.1","Spike glycoprotein","P59594","SARS coronavirus Tor2","SARS-CoV1","10002316","The epitope sequence was cited in Li et. al. Nature 426 (6965), 450-454 (2003) [PMID:14647384].","","","","","","","","","","",""
"2092","Linear peptide","AISSVLNDILSRLDKVE","","","954","970","","","E2 glycoprotein precursor","NP_828851.1","Spike glycoprotein","P59594","SARS coronavirus Tor2","SARS-CoV1","10002316","The epitope sequence was cited in Li et. al. Nature 426 (6965), 450-454 (2003) [PMID:14647384].","","","","","","","","","","",""
"2433","Linear peptide","ALALLLLDRLNQLESKV","","","219","235","","","Nucleoprotein","P59595.1","Nucleoprotein","P59595","SARS coronavirus BJ01","SARS-CoV1","10002316","The epitope sequence was cited in Qin et al. A complete sequence and comparative analysis of a SARS-associated virus (Isolate BJ01), Chin. Sci. Bull. 48 (2003), pp. 941&ndash;948.","","","","","","","","","","",""
"3325","Linear peptide","ANKEGIVWVATEGALN","","","126","141","","","Nucleoprotein","P59595.1","Nucleoprotein","P59595","SARS coronavirus BJ01","SARS-CoV1","10002316","The epitope sequence was cited in Qin et al. A complete sequence and comparative analysis of a SARS-associated virus (Isolate BJ01), Chin. Sci. Bull. 48 (2003), pp. 941&ndash;948.","","","","","","","","","","",""
"3983","Linear peptide","AQKFNGLTVLPPLLTDD","","","834","850","","","E2 glycoprotein precursor","NP_828851.1","Spike glycoprotein","P59594","SARS coronavirus Tor2","SARS-CoV1","10002316","The epitope sequence was cited in Li et. al. Nature 426 (6965), 450-454 (2003) [PMID:14647384].","","","","","","","","","","",""
"4782","Linear peptide","ASSRSSSRSRGNSRNST","","","183","199","","","Nucleoprotein","P59595.1","Nucleoprotein","P59595","SARS coronavirus BJ01","SARS-CoV1","10002316","The epitope sequence was cited in Qin et al. A complete sequence and comparative analysis of a SARS-associated virus (Isolate BJ01), Chin. Sci. Bull. 48 (2003), pp. 941&ndash;948.","","","","","","","","","","",""
"5773","Linear peptide","AYFPREGVFVFNGTSWF","","","1069","1085","","","E2 glycoprotein precursor","NP_828851.1","Spike glycoprotein","P59594","SARS coronavirus Tor2","SARS-CoV1","10002316","The epitope sequence was cited in Li et. al. Nature 426 (6965), 450-454 (2003) [PMID:14647384].","","","","","","","","","","",""
"5927","Linear peptide","AYSNNTIAIPTNFSISI","","","688","704","","","E2 glycoprotein precursor","NP_828851.1","Spike glycoprotein","P59594","SARS coronavirus Tor2","SARS-CoV1","10002316","The epitope sequence was cited in Li et. al. Nature 426 (6965), 450-454 (2003) [PMID:14647384].","","","","","","","","","","",""
"6040","Linear peptide","CASYHTVSLLRSTSQKS","","","657","673","","","E2 glycoprotein precursor","NP_828851.1","Spike glycoprotein","P59594","SARS coronavirus Tor2","SARS-CoV1","10002316","The epitope sequence was cited in Li et. al. Nature 426 (6965), 450-454 (2003) [PMID:14647384].","","","","","","","","","","",""
"6110","Linear peptide","CDIPIGAGICASYHTVS","","","648","664","","","E2 glycoprotein precursor","NP_828851.1","Spike glycoprotein","P59594","SARS coronavirus Tor2","SARS-CoV1","10002316","The epitope sequence was cited in Li et. al. Nature 426 (6965), 450-454 (2003) [PMID:14647384].","","","","","","","","","","",""
"6332","Linear peptide","CGPKLSTDLIKNQCVNF","","","511","527","","","E2 glycoprotein precursor","NP_828851.1","Spike glycoprotein","P59594","SARS coronavirus Tor2","SARS-CoV1","10002316","The epitope sequence was cited in Li et. al. Nature 426 (6965), 450-454 (2003) [PMID:14647384].","","","","","","","","","","",""
"6333","Linear peptide","CGPKLSTDLIKNQCVNFNFNGLTGTGVLTPSSKRFQPFQQFG","","","511","552","","","E2 glycoprotein precursor","NP_828851.1","Spike glycoprotein","P59594","SARS coronavirus Tor2","SARS-CoV1","10002316","The epitope sequence was cited in Li et. al. Nature 426 (6965), 450-454 (2003) [PMID:14647384].","","","","","","","","","","",""
"7064","Linear peptide","CSQNPLAELKCSVKSFE","","","278","294","","","E2 glycoprotein precursor","NP_828851.1","Spike glycoprotein","P59594","SARS coronavirus Tor2","SARS-CoV1","10002316","The epitope sequence was cited in Li et. al. Nature 426 (6965), 450-454 (2003) [PMID:14647384].","","","","","","","","","","",""
"7066","Linear peptide","CSQNPLAELKCSVKSFEIDKGIYQTSNFRVVPSGD","","","278","312","","","E2 glycoprotein precursor","NP_828851.1","Spike glycoprotein","P59594","SARS coronavirus Tor2","SARS-CoV1","10002316","The epitope sequence was cited in Li et. al. Nature 426 (6965), 450-454 (2003) [PMID:14647384].","","","","","","","","","","",""
"7128","Linear peptide","CTDVSTAIHADQLTPAW","","","603","619","","","E2 glycoprotein precursor","NP_828851.1","Spike glycoprotein","P59594","SARS coronavirus Tor2","SARS-CoV1","10002316","The epitope sequence was cited in Li et. al. Nature 426 (6965), 450-454 (2003) [PMID:14647384].","","","","","","","","","","",""
"7129","Linear peptide","CTDVSTAIHADQLTPAWRIYSTGNNVFQTQAG","","","603","634","","","E2 glycoprotein precursor","NP_828851.1","Spike glycoprotein","P59594","SARS coronavirus Tor2","SARS-CoV1","10002316","The epitope sequence was cited in Li et. al. Nature 426 (6965), 450-454 (2003) [PMID:14647384].","","","","","","","","","","",""
"7193","Linear peptide","CTPPALNCYWPLNDYGF","","","467","483","","","E2 glycoprotein precursor","NP_828851.1","Spike glycoprotein","P59594","SARS coronavirus Tor2","SARS-CoV1","10002316","The epitope sequence was cited in Li et. al. Nature 426 (6965), 450-454 (2003) [PMID:14647384].","","","","","","","","","","",""
"7217","Linear peptide","CTTFDDVQAPNYTQHTSSMRGVYYPDEIFR","","","19","48","","","E2 glycoprotein precursor","NP_828851.1","Spike glycoprotein","P59594","SARS coronavirus Tor2","SARS-CoV1","10002316","The epitope sequence was cited in Li et. al. Nature 426 (6965), 450-454 (2003) [PMID:14647384].","","","","","","","","","","",""
"7280","Linear peptide","CVLAWNTRNIDATSTGN","","","419","435","","","E2 glycoprotein precursor","NP_828851.1","Spike glycoprotein","P59594","SARS coronavirus Tor2","SARS-CoV1","10002316","The epitope sequence was cited in Li et. al. Nature 426 (6965), 450-454 (2003) [PMID:14647384].","","","","","","","","","","",""
"7383","Linear peptide","CYGVSATKLNDLCFSNV","","","366","382","","","E2 glycoprotein precursor","NP_828851.1","Spike glycoprotein","P59594","SARS coronavirus Tor2","SARS-CoV1","10002316","The epitope sequence was cited in Li et. al. Nature 426 (6965), 450-454 (2003) [PMID:14647384].","","","","","","","","","","",""
"7452","Linear peptide","CYWPLNDYGFYTTTGIG","","","474","490","","","E2 glycoprotein precursor","NP_828851.1","Spike glycoprotein","P59594","SARS coronavirus Tor2","SARS-CoV1","10002316","The epitope sequence was cited in Li et. al. Nature 426 (6965), 450-454 (2003) [PMID:14647384].","","","","","","","","","","",""
"7868","Linear peptide","DDSEPVLKGVKLHYT","","","1241","1255","","","E2 glycoprotein precursor","NP_828851.1","Spike glycoprotein","P59594","SARS coronavirus Tor2","SARS-CoV1","10002316","The epitope sequence was cited in Li et. al. Nature 426 (6965), 450-454 (2003) [PMID:14647384].","","","","","","","","","","",""
"8239","Linear peptide","DFCGKGYHLMSFPQAAP","","","1023","1039","","","E2 glycoprotein precursor","NP_828851.1","Spike glycoprotein","P59594","SARS coronavirus Tor2","SARS-CoV1","10002316","The epitope sequence was cited in Li et. al. Nature 426 (6965), 450-454 (2003) [PMID:14647384].","","","","","","","","","","",""
"8322","Linear peptide","DFSRQLQNSMSGASA","","","403","417","","","Nucleoprotein","P59595.1","Nucleoprotein","P59595","SARS coronavirus BJ01","SARS-CoV1","10002316","The epitope sequence was cited in Qin et al. A complete sequence and comparative analysis of a SARS-associated virus (Isolate BJ01), Chin. Sci. Bull. 48 (2003), pp. 941&ndash;948.","","","","","","","","","","",""
"8413","Linear peptide","DGIYFAATEKSNVVRGW","","","85","101","","","E2 glycoprotein precursor","NP_828851.1","Spike glycoprotein","P59594","SARS coronavirus Tor2","SARS-CoV1","10002316","The epitope sequence was cited in Li et. al. Nature 426 (6965), 450-454 (2003) [PMID:14647384].","","","","","","","","","","",""
"9094","Linear peptide","DLGDISGINASVVNIQK","","","1147","1163","","","E2 glycoprotein precursor","NP_828851.1","Spike glycoprotein","P59594","SARS coronavirus Tor2","SARS-CoV1","10002316","The epitope sequence was cited in Li et. al. Nature 426 (6965), 450-454 (2003) [PMID:14647384].","","","","","","","","","","",""
"9242","Linear peptide","DLPSGFNTLKPIFKLPL","","","208","224","","","E2 glycoprotein precursor","NP_828851.1","Spike glycoprotein","P59594","SARS coronavirus Tor2","SARS-CoV1","10002316","The epitope sequence was cited in Li et. al. Nature 426 (6965), 450-454 (2003) [PMID:14647384].","","","","","","","","","","",""
"9365","Linear peptide","DMIAAYTAALVSGTATA","","","850","866","","","E2 glycoprotein precursor","NP_828851.1","Spike glycoprotein","P59594","SARS coronavirus Tor2","SARS-CoV1","10002316","The epitope sequence was cited in Li et. al. Nature 426 (6965), 450-454 (2003) [PMID:14647384].","","","","","","","","","","",""
"9956","Linear peptide","DRCTTFDDVQAPNYTQH","","","17","33","","","E2 glycoprotein precursor","NP_828851.1","Spike glycoprotein","P59594","SARS coronavirus Tor2","SARS-CoV1","10002316","The epitope sequence was cited in Li et. al. Nature 426 (6965), 450-454 (2003) [PMID:14647384].","","","","","","","","","","",""
"10010","Linear peptide","DRLNQLESKVSGKGQQQQ","","","226","243","","","Nucleoprotein","P59595.1","Nucleoprotein","P59595","SARS coronavirus BJ01","SARS-CoV1","10002316","The epitope sequence was cited in Qin et al. A complete sequence and comparative analysis of a SARS-associated virus (Isolate BJ01), Chin. Sci. Bull. 48 (2003), pp. 941&ndash;948.","","","","","","","","","","",""
"10721","Linear peptide","DVSEKSGNFKHLREFVF","","","171","187","","","E2 glycoprotein precursor","NP_828851.1","Spike glycoprotein","P59594","SARS coronavirus Tor2","SARS-CoV1","10002316","The epitope sequence was cited in Li et. al. Nature 426 (6965), 450-454 (2003) [PMID:14647384].","","","","","","","","","","",""
"10778","Linear peptide","DVVNQNAQALNTLVKQL","","","932","948","","","E2 glycoprotein precursor","NP_828851.1","Spike glycoprotein","P59594","SARS coronavirus Tor2","SARS-CoV1","10002316","The epitope sequence was cited in Li et. al. Nature 426 (6965), 450-454 (2003) [PMID:14647384].","","","","","","","","","","",""
"11038","Linear peptide","EAEVQIDRLITGRLQSL","","","970","986","","","E2 glycoprotein precursor","NP_828851.1","Spike glycoprotein","P59594","SARS coronavirus Tor2","SARS-CoV1","10002316","The epitope sequence was cited in Li et. al. Nature 426 (6965), 450-454 (2003) [PMID:14647384].","","","","","","","","","","",""
"11189","Linear peptide","EASLPYGANKEGIVWVA","","","119","135","","","Nucleoprotein","P59595.1","Nucleoprotein","P59595","SARS coronavirus BJ01","SARS-CoV1","10002316","The epitope sequence was cited in Qin et al. A complete sequence and comparative analysis of a SARS-associated virus (Isolate BJ01), Chin. Sci. Bull. 48 (2003), pp. 941&ndash;948.","","","","","","","","","","",""
"12417","Linear peptide","EIDKGIYQTSNFRVVPS","","","294","310","","","E2 glycoprotein precursor","NP_828851.1","Spike glycoprotein","P59594","SARS coronavirus Tor2","SARS-CoV1","10002316","The epitope sequence was cited in Li et. al. Nature 426 (6965), 450-454 (2003) [PMID:14647384].","","","","","","","","","","",""
"13680","Linear peptide","EPKKDKKKKTDEAQPL","","","368","383","","","Nucleoprotein","P59595.1","Nucleoprotein","P59595","SARS coronavirus BJ01","SARS-CoV1","10002316","The epitope sequence was cited in Qin et al. A complete sequence and comparative analysis of a SARS-associated virus (Isolate BJ01), Chin. Sci. Bull. 48 (2003), pp. 941&ndash;948.","","","","","","","","","","",""
"14208","Linear peptide","ESLTTTSTALGKLQDVV","","","918","934","","","E2 glycoprotein precursor","NP_828851.1","Spike glycoprotein","P59594","SARS coronavirus Tor2","SARS-CoV1","10002316","The epitope sequence was cited in Li et. al. Nature 426 (6965), 450-454 (2003) [PMID:14647384].","","","","","","","","","","",""
"14626","Linear peptide","EVAKNLNESLIDLQELG","","","1170","1186","","","E2 glycoprotein precursor","NP_828851.1","Spike glycoprotein","P59594","SARS coronavirus Tor2","SARS-CoV1","10002316","The epitope sequence was cited in Li et. al. Nature 426 (6965), 450-454 (2003) [PMID:14647384].","","","","","","","","","","",""
"15783","Linear peptide","FFAVSKPMGTQTHTMIF","","","137","153","","","E2 glycoprotein precursor","NP_828851.1","Spike glycoprotein","P59594","SARS coronavirus Tor2","SARS-CoV1","10002316","The epitope sequence was cited in Li et. al. Nature 426 (6965), 450-454 (2003) [PMID:14647384].","","","","","","","","","","",""
"15814","Linear peptide","FFGMSRIGMEVTPSGTW","","","315","331","","","Nucleoprotein","P59595.1","Nucleoprotein","P59595","SARS coronavirus BJ01","SARS-CoV1","10002316","The epitope sequence was cited in Qin et al. A complete sequence and comparative analysis of a SARS-associated virus (Isolate BJ01), Chin. Sci. Bull. 48 (2003), pp. 941&ndash;948.","","","","","","","","","","",""
"15903","Linear peptide","FFSTFKCYGVSATKLND","","","360","376","","","E2 glycoprotein precursor","NP_828851.1","Spike glycoprotein","P59594","SARS coronavirus Tor2","SARS-CoV1","10002316","The epitope sequence was cited in Li et. al. Nature 426 (6965), 450-454 (2003) [PMID:14647384].","","","","","","","","","","",""
"16183","Linear peptide","FIEDLLFNKVTLADAGF","","","799","815","","","E2 glycoprotein precursor","NP_828851.1","Spike glycoprotein","P59594","SARS coronavirus Tor2","SARS-CoV1","10002316","The epitope sequence was cited in Li et. al. Nature 426 (6965), 450-454 (2003) [PMID:14647384].","","","","","","","","","","",""
"16376","Linear peptide","FKHLREFVFKNKDGFLY","","","179","195","","","E2 glycoprotein precursor","NP_828851.1","Spike glycoprotein","P59594","SARS coronavirus Tor2","SARS-CoV1","10002316","The epitope sequence was cited in Li et. al. Nature 426 (6965), 450-454 (2003) [PMID:14647384].","","","","","","","","","","",""
"16417","Linear peptide","FKNKDGFLYVYKGYQPI","","","187","203","","","E2 glycoprotein precursor","NP_828851.1","Spike glycoprotein","P59594","SARS coronavirus Tor2","SARS-CoV1","10002316","The epitope sequence was cited in Li et. al. Nature 426 (6965), 450-454 (2003) [PMID:14647384].","","","","","","","","","","",""
"17644","Linear peptide","FRSDTLYLTQDLFLPFY","","","47","63","","","E2 glycoprotein precursor","NP_828851.1","Spike glycoprotein","P59594","SARS coronavirus Tor2","SARS-CoV1","10002316","The epitope sequence was cited in Li et. al. Nature 426 (6965), 450-454 (2003) [PMID:14647384].","","","","","","","","","","",""
"17929","Linear peptide","FTDSVRDPKTSEILDIS","","","558","574","","","E2 glycoprotein precursor","NP_828851.1","Spike glycoprotein","P59594","SARS coronavirus Tor2","SARS-CoV1","10002316","The epitope sequence was cited in Li et. al. Nature 426 (6965), 450-454 (2003) [PMID:14647384].","","","","","","","","","","",""
"18161","Linear peptide","FVFNGTSWFITQRNFFS","","","1077","1093","","","E2 glycoprotein precursor","NP_828851.1","Spike glycoprotein","P59594","SARS coronavirus Tor2","SARS-CoV1","10002316","The epitope sequence was cited in Li et. al. Nature 426 (6965), 450-454 (2003) [PMID:14647384].","","","","","","","","","","",""
"18515","Linear peptide","GAALQIPFAMQMAYRFN","","","873","889","","","E2 glycoprotein precursor","NP_828851.1","Spike glycoprotein","P59594","SARS coronavirus Tor2","SARS-CoV1","10002316","The epitope sequence was cited in Li et. al. Nature 426 (6965), 450-454 (2003) [PMID:14647384].","","","","","","","","","","",""
"18671","Linear peptide","GALNTPKDHIGTRNPNNNA","","","138","156","","","Nucleoprotein","P59595.1","Nucleoprotein","P59595","SARS coronavirus BJ01","SARS-CoV1","10002316","The epitope sequence was cited in Qin et al. A complete sequence and comparative analysis of a SARS-associated virus (Isolate BJ01), Chin. Sci. Bull. 48 (2003), pp. 941&ndash;948.","","","","","","","","","","",""
"19443","Linear peptide","GETALALLLLDRLNQ","","","216","230","","","nucleocapsid protein","AAP41047.1","Nucleoprotein","P59595","SARS coronavirus Tor2","SARS-CoV1","10002316","","","","","","","","","","","",""
"19585","Linear peptide","GFMKQYGECLGDINARD","","","814","830","","","E2 glycoprotein precursor","NP_828851.1","Spike glycoprotein","P59594","SARS coronavirus Tor2","SARS-CoV1","10002316","The epitope sequence was cited in Li et. al. Nature 426 (6965), 450-454 (2003) [PMID:14647384].","","","","","","","","","","",""
"19657","Linear peptide","GFYTTTGIGYQPYRVVV","","","482","498","","","E2 glycoprotein precursor","NP_828851.1","Spike glycoprotein","P59594","SARS coronavirus Tor2","SARS-CoV1","10002316","The epitope sequence was cited in Li et. al. Nature 426 (6965), 450-454 (2003) [PMID:14647384].","","","","","","","","","","",""
"20288","Linear peptide","GIGVTQNVLYENQKQIA","","","890","906","","","E2 glycoprotein precursor","NP_828851.1","Spike glycoprotein","P59594","SARS coronavirus Tor2","SARS-CoV1","10002316","The epitope sequence was cited in Li et. al. Nature 426 (6965), 450-454 (2003) [PMID:14647384].","","","","","","","","","","",""
"21065","Linear peptide","GLPNNTASWFTALTQHGK","","","45","62","","","Nucleoprotein","P59595.1","Nucleoprotein","P59595","SARS coronavirus BJ01","SARS-CoV1","10002316","The epitope sequence was cited in Qin et al. A complete sequence and comparative analysis of a SARS-associated virus (Isolate BJ01), Chin. Sci. Bull. 48 (2003), pp. 941&ndash;948.","","","","","","","","","","",""
"21424","Linear peptide","GNFGDQDLIRQGTDYKHW","","","285","302","","","Nucleoprotein","P59595.1","Nucleoprotein","P59595","SARS coronavirus BJ01","SARS-CoV1","10002316","The epitope sequence was cited in Qin et al. A complete sequence and comparative analysis of a SARS-associated virus (Isolate BJ01), Chin. Sci. Bull. 48 (2003), pp. 941&ndash;948.","","","","","","","","","","",""
"22152","Linear peptide","GRNGARPKQRRPQGL","","","32","46","","","Nucleoprotein","P59595.1","Nucleoprotein","P59595","SARS coronavirus BJ01","SARS-CoV1","10002316","The epitope sequence was cited in Qin et al. A complete sequence and comparative analysis of a SARS-associated virus (Isolate BJ01), Chin. Sci. Bull. 48 (2003), pp. 941&ndash;948.","","","","","","","","","","",""
"23051","Linear peptide","GVLTPSSKRFQPFQQFG","","","536","552","","","E2 glycoprotein precursor","NP_828851.1","Spike glycoprotein","P59594","SARS coronavirus Tor2","SARS-CoV1","10002316","The epitope sequence was cited in Li et. al. Nature 426 (6965), 450-454 (2003) [PMID:14647384].","","","","","","","","","","",""
"23053","Linear peptide","GVLTPSSKRFQPFQQFGRDVSDFTDSVRDPK","","","536","566","","","E2 glycoprotein precursor","NP_828851.1","Spike glycoprotein","P59594","SARS coronavirus Tor2","SARS-CoV1","10002316","The epitope sequence was cited in Li et. al. Nature 426 (6965), 450-454 (2003) [PMID:14647384].","","","","","","","","","","",""
"23296","Linear peptide","GWVFGSTMNNKSQSVII","","","100","116","","","E2 glycoprotein precursor","NP_828851.1","Spike glycoprotein","P59594","SARS coronavirus Tor2","SARS-CoV1","10002316","The epitope sequence was cited in Li et. al. Nature 426 (6965), 450-454 (2003) [PMID:14647384].","","","","","","","","","","",""
"23437","Linear peptide","GYQPYRVVVLSFELLNA","","","490","506","","","E2 glycoprotein precursor","NP_828851.1","Spike glycoprotein","P59594","SARS coronavirus Tor2","SARS-CoV1","10002316","The epitope sequence was cited in Li et. al. Nature 426 (6965), 450-454 (2003) [PMID:14647384].","","","","","","","","","","",""
"23520","Linear peptide","HADQLTPAWRIYSTGNN","","","611","627","","","E2 glycoprotein precursor","NP_828851.1","Spike glycoprotein","P59594","SARS coronavirus Tor2","SARS-CoV1","10002316","The epitope sequence was cited in Li et. al. Nature 426 (6965), 450-454 (2003) [PMID:14647384].","","","","","","","","","","",""
"23917","Linear peptide","HGKEELRFPRGQGVPI","","","60","75","","","Nucleoprotein","P59595.1","Nucleoprotein","P59595","SARS coronavirus BJ01","SARS-CoV1","10002316","The epitope sequence was cited in Qin et al. A complete sequence and comparative analysis of a SARS-associated virus (Isolate BJ01), Chin. Sci. Bull. 48 (2003), pp. 941&ndash;948.","","","","","","","","","","",""
"24923","Linear peptide","HTINHTFGNPVIPFKDG","","","70","86","","","E2 glycoprotein precursor","NP_828851.1","Spike glycoprotein","P59594","SARS coronavirus Tor2","SARS-CoV1","10002316","The epitope sequence was cited in Li et. al. Nature 426 (6965), 450-454 (2003) [PMID:14647384].","","","","","","","","","","",""
"24978","Linear peptide","HTSSMRGVYYPDEIFRS","","","33","49","","","E2 glycoprotein precursor","NP_828851.1","Spike glycoprotein","P59594","SARS coronavirus Tor2","SARS-CoV1","10002316","The epitope sequence was cited in Li et. al. Nature 426 (6965), 450-454 (2003) [PMID:14647384].","","","","","","","","","","",""
"25031","Linear peptide","HVDTSYECDIPIGAGIC","","","641","657","","","E2 glycoprotein precursor","NP_828851.1","Spike glycoprotein","P59594","SARS coronavirus Tor2","SARS-CoV1","10002316","The epitope sequence was cited in Li et. al. Nature 426 (6965), 450-454 (2003) [PMID:14647384].","","","","","","","","","","",""
"25219","Linear peptide","IAAEQDRNTREVFAQVK","","","752","768","","","E2 glycoprotein precursor","NP_828851.1","Spike glycoprotein","P59594","SARS coronavirus Tor2","SARS-CoV1","10002316","The epitope sequence was cited in Li et. al. Nature 426 (6965), 450-454 (2003) [PMID:14647384].","","","","","","","","","","",""
"25250","Linear peptide","IADYNYKLPDDFMGCVL","","","405","421","","","E2 glycoprotein precursor","NP_828851.1","Spike glycoprotein","P59594","SARS coronavirus Tor2","SARS-CoV1","10002316","The epitope sequence was cited in Li et. al. Nature 426 (6965), 450-454 (2003) [PMID:14647384].","","","","","","","","","","",""
"25293","Linear peptide","IAGLIAIVMVTILLCCM","","","1203","1219","","","E2 glycoprotein precursor","NP_828851.1","Spike glycoprotein","P59594","SARS coronavirus Tor2","SARS-CoV1","10002316","The epitope sequence was cited in Li et. al. Nature 426 (6965), 450-454 (2003) [PMID:14647384].","","","","","","","","","","",""
"25378","Linear peptide","IAPGQTGVIADYNYKLP","","","397","413","","","E2 glycoprotein precursor","NP_828851.1","Spike glycoprotein","P59594","SARS coronavirus Tor2","SARS-CoV1","10002316","The epitope sequence was cited in Li et. al. Nature 426 (6965), 450-454 (2003) [PMID:14647384].","","","","","","","","","","",""
"26329","Linear peptide","IGTRNPNNNAATVLQL","","","147","162","","","Nucleoprotein","P59595.1","Nucleoprotein","P59595","SARS coronavirus BJ01","SARS-CoV1","10002316","The epitope sequence was cited in Qin et al. A complete sequence and comparative analysis of a SARS-associated virus (Isolate BJ01), Chin. Sci. Bull. 48 (2003), pp. 941&ndash;948.","","","","","","","","","","",""
"26610","Linear peptide","IINNSTNVVIRACNFEL","","","116","132","","","E2 glycoprotein precursor","NP_828851.1","Spike glycoprotein","P59594","SARS coronavirus Tor2","SARS-CoV1","10002316","The epitope sequence was cited in Li et. al. Nature 426 (6965), 450-454 (2003) [PMID:14647384].","","","","","","","","","","",""
"27357","Linear peptide","ILSRLDKVEAEVQIDRL","","","962","978","","","E2 glycoprotein precursor","NP_828851.1","Spike glycoprotein","P59594","SARS coronavirus Tor2","SARS-CoV1","10002316","The epitope sequence was cited in Li et. al. Nature 426 (6965), 450-454 (2003) [PMID:14647384].","","","","","","","","","","",""
"28371","Linear peptide","IRQGTDYKHWPQIAQFA","","","293","309","","","Nucleoprotein","P59595.1","Nucleoprotein","P59595","SARS coronavirus BJ01","SARS-CoV1","10002316","The epitope sequence was cited in Qin et al. A complete sequence and comparative analysis of a SARS-associated virus (Isolate BJ01), Chin. Sci. Bull. 48 (2003), pp. 941&ndash;948.","","","","","","","","","","",""
"28643","Linear peptide","ISPCAFGGVSVITPGTN","","","573","589","","","E2 glycoprotein precursor","NP_828851.1","Spike glycoprotein","P59594","SARS coronavirus Tor2","SARS-CoV1","10002316","The epitope sequence was cited in Li et. al. Nature 426 (6965), 450-454 (2003) [PMID:14647384].","","","","","","","","","","",""
"29504","Linear peptide","IVWVATEGALNTPKDHI","","","131","147","","","Nucleoprotein","P59595.1","Nucleoprotein","P59595","SARS coronavirus BJ01","SARS-CoV1","10002316","The epitope sequence was cited in Qin et al. A complete sequence and comparative analysis of a SARS-associated virus (Isolate BJ01), Chin. Sci. Bull. 48 (2003), pp. 941&ndash;948.","","","","","","","","","","",""
"29832","Linear peptide","KAISQIQESLTTTSTAL","","","911","927","","","E2 glycoprotein precursor","NP_828851.1","Spike glycoprotein","P59594","SARS coronavirus Tor2","SARS-CoV1","10002316","The epitope sequence was cited in Li et. al. Nature 426 (6965), 450-454 (2003) [PMID:14647384].","","","","","","","","","","",""
"31166","Linear peptide","KHWPQIAQFAPSASAFF","","","300","316","","","Nucleoprotein","P59595.1","Nucleoprotein","P59595","SARS coronavirus BJ01","SARS-CoV1","10002316","The epitope sequence was cited in Qin et al. A complete sequence and comparative analysis of a SARS-associated virus (Isolate BJ01), Chin. Sci. Bull. 48 (2003), pp. 941&ndash;948.","","","","","","","","","","",""
"31581","Linear peptide","KKISNCVADYSVLYNST","","","343","359","","","E2 glycoprotein precursor","NP_828851.1","Spike glycoprotein","P59594","SARS coronavirus Tor2","SARS-CoV1","10002316","The epitope sequence was cited in Li et. al. Nature 426 (6965), 450-454 (2003) [PMID:14647384].","","","","","","","","","","",""
"31679","Linear peptide","KKQPTVTLLPAADMDDF","","","388","404","","","Nucleoprotein","P59595.1","Nucleoprotein","P59595","SARS coronavirus BJ01","SARS-CoV1","10002316","The epitope sequence was cited in Qin et al. A complete sequence and comparative analysis of a SARS-associated virus (Isolate BJ01), Chin. Sci. Bull. 48 (2003), pp. 941&ndash;948.","","","","","","","","","","",""
"31692","Linear peptide","KKSAAEASKKPRQKRTA","","","249","265","","","Nucleoprotein","P59595.1","Nucleoprotein","P59595","SARS coronavirus BJ01","SARS-CoV1","10002316","The epitope sequence was cited in Qin et al. A complete sequence and comparative analysis of a SARS-associated virus (Isolate BJ01), Chin. Sci. Bull. 48 (2003), pp. 941&ndash;948.","","","","","","","","","","",""
"31707","Linear peptide","KKTDEAQPLPQRQKK","","","375","389","","","Nucleoprotein","P59595.1","Nucleoprotein","P59595","SARS coronavirus BJ01","SARS-CoV1","10002316","The epitope sequence was cited in Qin et al. A complete sequence and comparative analysis of a SARS-associated virus (Isolate BJ01), Chin. Sci. Bull. 48 (2003), pp. 941&ndash;948.","","","","","","","","","","",""
"31780","Linear peptide","KLDDKDPQFKDNVILL","","","339","354","","","Nucleoprotein","P59595.1","Nucleoprotein","P59595","SARS coronavirus BJ01","SARS-CoV1","10002316","The epitope sequence was cited in Qin et al. A complete sequence and comparative analysis of a SARS-associated virus (Isolate BJ01), Chin. Sci. Bull. 48 (2003), pp. 941&ndash;948.","","","","","","","","","","",""
"32037","Linear peptide","KLNDLCFSNVYADSFVV","","","373","389","","","E2 glycoprotein precursor","NP_828851.1","Spike glycoprotein","P59594","SARS coronavirus Tor2","SARS-CoV1","10002316","The epitope sequence was cited in Li et. al. Nature 426 (6965), 450-454 (2003) [PMID:14647384].","","","","","","","","","","",""
"32069","Linear peptide","KLPDDFMGCV","","","411","420","","","Spike glycoprotein precursor","P59594.1","Spike glycoprotein","P59594","SARS coronavirus BJ01","SARS-CoV1","10002316","","","","","","","","","","","",""
"32070","Linear peptide","KLPDDFMGCVLAWNTRN","","","411","427","","","E2 glycoprotein precursor","NP_828851.1","Spike glycoprotein","P59594","SARS coronavirus Tor2","SARS-CoV1","10002316","The epitope sequence was cited in Li et. al. Nature 426 (6965), 450-454 (2003) [PMID:14647384].","","","","","","","","","","",""
"32508","Linear peptide","KNHTSPDVDLGDISGIN","","","1139","1155","","","E2 glycoprotein precursor","NP_828851.1","Spike glycoprotein","P59594","SARS coronavirus Tor2","SARS-CoV1","10002316","The epitope sequence was cited in Li et. al. Nature 426 (6965), 450-454 (2003) [PMID:14647384].","","","","","","","","","","",""
"32912","Linear peptide","KPTTFMLKYDENGTITD","","","258","274","","","E2 glycoprotein precursor","NP_828851.1","Spike glycoprotein","P59594","SARS coronavirus Tor2","SARS-CoV1","10002316","The epitope sequence was cited in Li et. al. Nature 426 (6965), 450-454 (2003) [PMID:14647384].","","","","","","","","","","",""
"33220","Linear peptide","KRTATKQYNVTQAFGRR","","","262","278","","","Nucleoprotein","P59595.1","Nucleoprotein","P59595","SARS coronavirus BJ01","SARS-CoV1","10002316","The epitope sequence was cited in Qin et al. A complete sequence and comparative analysis of a SARS-associated virus (Isolate BJ01), Chin. Sci. Bull. 48 (2003), pp. 941&ndash;948.","","","","","","","","","","",""
"33358","Linear peptide","KSIVAYTMSLGADSSIA","","","672","688","","","E2 glycoprotein precursor","NP_828851.1","Spike glycoprotein","P59594","SARS coronavirus Tor2","SARS-CoV1","10002316","The epitope sequence was cited in Li et. al. Nature 426 (6965), 450-454 (2003) [PMID:14647384].","","","","","","","","","","",""
"33669","Linear peptide","KTFPPTEPKKDKKKK","","","362","376","","","Nucleoprotein","P59595.1","Nucleoprotein","P59595","SARS coronavirus BJ01","SARS-CoV1","10002316","The epitope sequence was cited in Qin et al. A complete sequence and comparative analysis of a SARS-associated virus (Isolate BJ01), Chin. Sci. Bull. 48 (2003), pp. 941&ndash;948.","","","","","","","","","","",""
"33874","Linear peptide","KTSVDCNMYICGDSTEC","","","715","731","","","E2 glycoprotein precursor","NP_828851.1","Spike glycoprotein","P59594","SARS coronavirus Tor2","SARS-CoV1","10002316","The epitope sequence was cited in Li et. al. Nature 426 (6965), 450-454 (2003) [PMID:14647384].","","","","","","","","","","",""
"34199","Linear peptide","KVSGKGQQQQGQTVTKK","","","234","250","","","Nucleoprotein","P59595.1","Nucleoprotein","P59595","SARS coronavirus BJ01","SARS-CoV1","10002316","The epitope sequence was cited in Qin et al. A complete sequence and comparative analysis of a SARS-associated virus (Isolate BJ01), Chin. Sci. Bull. 48 (2003), pp. 941&ndash;948.","","","","","","","","","","",""
"35083","Linear peptide","LCPFGEVFNATKFPSVY","","","322","338","","","E2 glycoprotein precursor","NP_828851.1","Spike glycoprotein","P59594","SARS coronavirus Tor2","SARS-CoV1","10002316","The epitope sequence was cited in Li et. al. Nature 426 (6965), 450-454 (2003) [PMID:14647384].","","","","","","","","","","",""
"36167","Linear peptide","LGINITNFRAILTAFSP","","","224","240","","","E2 glycoprotein precursor","NP_828851.1","Spike glycoprotein","P59594","SARS coronavirus Tor2","SARS-CoV1","10002316","The epitope sequence was cited in Li et. al. Nature 426 (6965), 450-454 (2003) [PMID:14647384].","","","","","","","","","","",""
"36579","Linear peptide","LIKNQCVNFNFNGLTGT","","","519","535","","","E2 glycoprotein precursor","NP_828851.1","Spike glycoprotein","P59594","SARS coronavirus Tor2","SARS-CoV1","10002316","The epitope sequence was cited in Li et. al. Nature 426 (6965), 450-454 (2003) [PMID:14647384].","","","","","","","","","","",""
"36815","Linear peptide","LKCSVKSFEIDKGIYQT","","","286","302","","","E2 glycoprotein precursor","NP_828851.1","Spike glycoprotein","P59594","SARS coronavirus Tor2","SARS-CoV1","10002316","The epitope sequence was cited in Li et. al. Nature 426 (6965), 450-454 (2003) [PMID:14647384].","","","","","","","","","","",""
"36856","Linear peptide","LKGACSCGSCCKFDEDD","","","1226","1242","","","E2 glycoprotein precursor","NP_828851.1","Spike glycoprotein","P59594","SARS coronavirus Tor2","SARS-CoV1","10002316","The epitope sequence was cited in Li et. al. Nature 426 (6965), 450-454 (2003) [PMID:14647384].","","","","","","","","","","",""
"36991","Linear peptide","LKPIFKLPLGINITNFR","","","216","232","","","E2 glycoprotein precursor","NP_828851.1","Spike glycoprotein","P59594","SARS coronavirus Tor2","SARS-CoV1","10002316","The epitope sequence was cited in Li et. al. Nature 426 (6965), 450-454 (2003) [PMID:14647384].","","","","","","","","","","",""
"37290","Linear peptide","LLFNKVTLADAGFMKQYGECLGDINA","","","803","828","","","Spike glycoprotein precursor","P59594.1","Spike glycoprotein","P59594","SARS coronavirus BJ01","SARS-CoV1","10002316","The epitope sequence was deduced by study of overlapping peptides.","","","","","","","","","","",""
"37641","Linear peptide","LLPAADMDDFSRQLQNSM","","","395","412","","","Nucleoprotein","P59595.1","Nucleoprotein","P59595","SARS coronavirus BJ01","SARS-CoV1","10002316","The epitope sequence was cited in Qin et al. A complete sequence and comparative analysis of a SARS-associated virus (Isolate BJ01), Chin. Sci. Bull. 48 (2003), pp. 941&ndash;948.","","","","","","","","","","",""
"37758","Linear peptide","LLRSTSQKSIVAYTMSL","","","665","681","","","E2 glycoprotein precursor","NP_828851.1","Spike glycoprotein","P59594","SARS coronavirus Tor2","SARS-CoV1","10002316","The epitope sequence was cited in Li et. al. Nature 426 (6965), 450-454 (2003) [PMID:14647384].","","","","","","","","","","",""
"38118","Linear peptide","LMSFPQAAPHGVVFLHV","","","1031","1047","","","E2 glycoprotein precursor","NP_828851.1","Spike glycoprotein","P59594","SARS coronavirus Tor2","SARS-CoV1","10002316","The epitope sequence was cited in Li et. al. Nature 426 (6965), 450-454 (2003) [PMID:14647384].","","","","","","","","","","",""
"38249","Linear peptide","LNKHIDAYKTFPPTEPK","","","354","370","","","Nucleoprotein","P59595.1","Nucleoprotein","P59595","SARS coronavirus BJ01","SARS-CoV1","10002316","The epitope sequence was cited in Qin et al. A complete sequence and comparative analysis of a SARS-associated virus (Isolate BJ01), Chin. Sci. Bull. 48 (2003), pp. 941&ndash;948.","","","","","","","","","","",""
"38925","Linear peptide","LQNSMSGASADSTQA","","","408","422","","","Nucleoprotein","P59595.1","Nucleoprotein","P59595","SARS coronavirus BJ01","SARS-CoV1","10002316","The epitope sequence was cited in Qin et al. A complete sequence and comparative analysis of a SARS-associated virus (Isolate BJ01), Chin. Sci. Bull. 48 (2003), pp. 941&ndash;948.","","","","","","","","","","",""
"39023","Linear peptide","LQYGSFCTQLNRALSGI","","","736","752","","","E2 glycoprotein precursor","NP_828851.1","Spike glycoprotein","P59594","SARS coronavirus Tor2","SARS-CoV1","10002316","The epitope sequence was cited in Li et. al. Nature 426 (6965), 450-454 (2003) [PMID:14647384].","","","","","","","","","","",""
"40905","Linear peptide","LYQDVNCTDVSTAIHAD","","","597","613","","","E2 glycoprotein precursor","NP_828851.1","Spike glycoprotein","P59594","SARS coronavirus Tor2","SARS-CoV1","10002316","The epitope sequence was cited in Li et. al. Nature 426 (6965), 450-454 (2003) [PMID:14647384].","","","","","","","","","","",""
"41120","Linear peptide","MASGGGETALALLLLDRL","","","211","228","","","Nucleoprotein","P59595.1","Nucleoprotein","P59595","SARS coronavirus BJ01","SARS-CoV1","10002316","The epitope sequence was cited in Qin et al. A complete sequence and comparative analysis of a SARS-associated virus (Isolate BJ01), Chin. Sci. Bull. 48 (2003), pp. 941&ndash;948.","","","","","","","","","","",""
"41122","Linear peptide","MASGGGETALALLLLDRLNQLESKV","","","211","235","","","N protein","AAP13445.1","Nucleoprotein","P59595","SARS coronavirus Urbani","SARS-CoV1","10002316","","","","","","","","","","","",""
"41177","Linear peptide","MAYRFNGIGVTQNVLYE","","","884","900","","","E2 glycoprotein precursor","NP_828851.1","Spike glycoprotein","P59594","SARS coronavirus Tor2","SARS-CoV1","10002316","The epitope sequence was cited in Li et. al. Nature 426 (6965), 450-454 (2003) [PMID:14647384].","","","","","","","","","","",""
"41461","Linear peptide","MEVTPSGTWLTYHGAIK","","","323","339","","","Nucleoprotein","P59595.1","Nucleoprotein","P59595","SARS coronavirus BJ01","SARS-CoV1","10002316","The epitope sequence was cited in Qin et al. A complete sequence and comparative analysis of a SARS-associated virus (Isolate BJ01), Chin. Sci. Bull. 48 (2003), pp. 941&ndash;948.","","","","","","","","","","",""
"41504","Linear peptide","MFIFLLFLTLTSGSDLD","","","1","17","","","E2 glycoprotein precursor","NP_828851.1","Spike glycoprotein","P59594","SARS coronavirus Tor2","SARS-CoV1","10002316","The epitope sequence was cited in Li et. al. Nature 426 (6965), 450-454 (2003) [PMID:14647384].","","","","","","","","","","",""
"41984","Linear peptide","MLKYDENGTITDAVDCS","","","263","279","","","E2 glycoprotein precursor","NP_828851.1","Spike glycoprotein","P59594","SARS coronavirus Tor2","SARS-CoV1","10002316","The epitope sequence was cited in Li et. al. Nature 426 (6965), 450-454 (2003) [PMID:14647384].","","","","","","","","","","",""
"42540","Linear peptide","MSDNGPQSNQRSAPRI","","","1","16","","","Nucleoprotein","P59595.1","Nucleoprotein","P59595","SARS coronavirus BJ01","SARS-CoV1","10002316","The epitope sequence was cited in Qin et al. A complete sequence and comparative analysis of a SARS-associated virus (Isolate BJ01), Chin. Sci. Bull. 48 (2003), pp. 941&ndash;948.","","","","","","","","","","",""
"42999","Linear peptide","MVTILLCCMTSCCSCLK","","","1211","1227","","","E2 glycoprotein precursor","NP_828851.1","Spike glycoprotein","P59594","SARS coronavirus Tor2","SARS-CoV1","10002316","The epitope sequence was cited in Li et. al. Nature 426 (6965), 450-454 (2003) [PMID:14647384].","","","","","","","","","","",""
"43145","Linear peptide","NAFNCTFEYISDAFSLD","","","155","171","","","E2 glycoprotein precursor","NP_828851.1","Spike glycoprotein","P59594","SARS coronavirus Tor2","SARS-CoV1","10002316","The epitope sequence was cited in Li et. al. Nature 426 (6965), 450-454 (2003) [PMID:14647384].","","","","","","","","","","",""
"43264","Linear peptide","NAPATVCGPKLSTDLIK","","","505","521","","","E2 glycoprotein precursor","NP_828851.1","Spike glycoprotein","P59594","SARS coronavirus Tor2","SARS-CoV1","10002316","The epitope sequence was cited in Li et. al. Nature 426 (6965), 450-454 (2003) [PMID:14647384].","","","","","","","","","","",""
"43313","Linear peptide","NASSEVAVLYQDVNCTD","","","589","605","","","E2 glycoprotein precursor","NP_828851.1","Spike glycoprotein","P59594","SARS coronavirus Tor2","SARS-CoV1","10002316","The epitope sequence was cited in Li et. al. Nature 426 (6965), 450-454 (2003) [PMID:14647384].","","","","","","","","","","",""
"43825","Linear peptide","NFELCDNPFFAVSKPMG","","","129","145","","","E2 glycoprotein precursor","NP_828851.1","Spike glycoprotein","P59594","SARS coronavirus Tor2","SARS-CoV1","10002316","The epitope sequence was cited in Li et. al. Nature 426 (6965), 450-454 (2003) [PMID:14647384].","","","","","","","","","","",""
"43893","Linear peptide","NFNGLTGTGVLTPSSKR","","","528","544","","","E2 glycoprotein precursor","NP_828851.1","Spike glycoprotein","P59594","SARS coronavirus Tor2","SARS-CoV1","10002316","The epitope sequence was cited in Li et. al. Nature 426 (6965), 450-454 (2003) [PMID:14647384].","","","","","","","","","","",""
"43894","Linear peptide","NFNGLTGTGVLTPSSKRF","","","528","545","","","spike glycoprotein","AAP41037.1","Spike glycoprotein","P59594","SARS coronavirus Tor2","SARS-CoV1","10002316","","","","","","","","","","","",""
"44198","Linear peptide","NIDATSTGNYNYKYRYL","","","427","443","","","E2 glycoprotein precursor","NP_828851.1","Spike glycoprotein","P59594","SARS coronavirus Tor2","SARS-CoV1","10002316","The epitope sequence was cited in Li et. al. Nature 426 (6965), 450-454 (2003) [PMID:14647384].","","","","","","","","","","",""
"45151","Linear peptide","NNKSQSVIIINNSTNVV","","","108","124","","","E2 glycoprotein precursor","NP_828851.1","Spike glycoprotein","P59594","SARS coronavirus Tor2","SARS-CoV1","10002316","The epitope sequence was cited in Li et. al. Nature 426 (6965), 450-454 (2003) [PMID:14647384].","","","","","","","","","","",""
"45179","Linear peptide","NNNAATVLQLPQGTTLPK","","","153","170","","","nucleocapsid protein [SARS coronavirus Tor2]","YP_009825061.1","Nucleoprotein","P59595","SARS coronavirus Tor2","SARS-CoV1","10002316","","","","","","","","","","","",""
"45506","Linear peptide","NPVIPFKDGIYFAATEK","","","78","94","","","E2 glycoprotein precursor","NP_828851.1","Spike glycoprotein","P59594","SARS coronavirus Tor2","SARS-CoV1","10002316","The epitope sequence was cited in Li et. al. Nature 426 (6965), 450-454 (2003) [PMID:14647384].","","","","","","","","","","",""
"46198","Linear peptide","NTNSGPDDQIGYYRRATR","","","76","93","","","Nucleoprotein","P59595.1","Nucleoprotein","P59595","SARS coronavirus BJ01","SARS-CoV1","10002316","The epitope sequence was cited in Qin et al. A complete sequence and comparative analysis of a SARS-associated virus (Isolate BJ01), Chin. Sci. Bull. 48 (2003), pp. 941&ndash;948.","","","","","","","","","","",""
"46379","Linear peptide","NVFQTQAGCLIGAEHVD","","","627","643","","","E2 glycoprotein precursor","NP_828851.1","Spike glycoprotein","P59594","SARS coronavirus Tor2","SARS-CoV1","10002316","The epitope sequence was cited in Li et. al. Nature 426 (6965), 450-454 (2003) [PMID:14647384].","","","","","","","","","","",""
"46522","Linear peptide","NVYADSFVVKGDDVRQI","","","381","397","","","E2 glycoprotein precursor","NP_828851.1","Spike glycoprotein","P59594","SARS coronavirus Tor2","SARS-CoV1","10002316","The epitope sequence was cited in Li et. al. Nature 426 (6965), 450-454 (2003) [PMID:14647384].","","","","","","","","","","",""
"46681","Linear peptide","NYNYKYRYLRHGKLRPF","","","435","451","","","E2 glycoprotein precursor","NP_828851.1","Spike glycoprotein","P59594","SARS coronavirus Tor2","SARS-CoV1","10002316","The epitope sequence was cited in Li et. al. Nature 426 (6965), 450-454 (2003) [PMID:14647384].","","","","","","","","","","",""
"46822","Linear peptide","PAICHEGKAYFPREGVFVFNGTSWFITQRNFFS","","","1061","1093","","","Spike glycoprotein precursor","P59594.1","Spike glycoprotein","P59594","SARS coronavirus BJ01","SARS-CoV1","10002316","The epitope sequence was deduced by study of overlapping peptides.","","","","","","","","","","",""
"47479","Linear peptide","PFAMQMAYRFNGIGVTQ","","","879","895","","","E2 glycoprotein precursor","NP_828851.1","Spike glycoprotein","P59594","SARS coronavirus Tor2","SARS-CoV1","10002316","The epitope sequence was cited in Li et. al. Nature 426 (6965), 450-454 (2003) [PMID:14647384].","","","","","","","","","","",""
"47823","Linear peptide","PHGVVFLHVTYVPSQER","","","1039","1055","","","E2 glycoprotein precursor","NP_828851.1","Spike glycoprotein","P59594","SARS coronavirus Tor2","SARS-CoV1","10002316","The epitope sequence was cited in Li et. al. Nature 426 (6965), 450-454 (2003) [PMID:14647384].","","","","","","","","","","",""
"48067","Linear peptide","PKGFYAEGSRGGSQASSR","","","169","186","","","Nucleoprotein","P59595.1","Nucleoprotein","P59595","SARS coronavirus BJ01","SARS-CoV1","10002316","The epitope sequence was cited in Qin et al. A complete sequence and comparative analysis of a SARS-associated virus (Isolate BJ01), Chin. Sci. Bull. 48 (2003), pp. 941&ndash;948.","","","","","","","","","","",""
"48155","Linear peptide","PKTSEILDISPCAFGGV","","","565","581","","","E2 glycoprotein precursor","NP_828851.1","Spike glycoprotein","P59594","SARS coronavirus Tor2","SARS-CoV1","10002316","The epitope sequence was cited in Li et. al. Nature 426 (6965), 450-454 (2003) [PMID:14647384].","","","","","","","","","","",""
"48383","Linear peptide","PLKPTKRSFIEDLLFNK","","","791","807","","","E2 glycoprotein precursor","NP_828851.1","Spike glycoprotein","P59594","SARS coronavirus Tor2","SARS-CoV1","10002316","The epitope sequence was cited in Li et. al. Nature 426 (6965), 450-454 (2003) [PMID:14647384].","","","","","","","","","","",""
"48554","Linear peptide","PMGTQTHTMIFDNAFNC","","","143","159","","","E2 glycoprotein precursor","NP_828851.1","Spike glycoprotein","P59594","SARS coronavirus Tor2","SARS-CoV1","10002316","The epitope sequence was cited in Li et. al. Nature 426 (6965), 450-454 (2003) [PMID:14647384].","","","","","","","","","","",""
"49557","Linear peptide","PSVYAWERKKISNCVAD","","","335","351","","","E2 glycoprotein precursor","NP_828851.1","Spike glycoprotein","P59594","SARS coronavirus Tor2","SARS-CoV1","10002316","The epitope sequence was cited in Li et. al. Nature 426 (6965), 450-454 (2003) [PMID:14647384].","","","","","","","","","","",""
"49968","Linear peptide","PVSMAKTSVDCNMYICGDS","","","710","728","","","E2 glycoprotein precursor","NP_828851.1","Spike glycoprotein","P59594","SARS coronavirus Tor2","SARS-CoV1","10002316","The epitope sequence was cited in Li et. al. Nature 426 (6965), 450-454 (2003) [PMID:14647384].","","","","","","","","","","",""
"50058","Linear peptide","PWYVWLGFIAGLIAIVM","","","1195","1211","","","E2 glycoprotein precursor","NP_828851.1","Spike glycoprotein","P59594","SARS coronavirus Tor2","SARS-CoV1","10002316","The epitope sequence was cited in Li et. al. Nature 426 (6965), 450-454 (2003) [PMID:14647384].","","","","","","","","","","",""
"50311","Linear peptide","QALNTLVKQLSSNFGAI","","","939","955","","","E2 glycoprotein precursor","NP_828851.1","Spike glycoprotein","P59594","SARS coronavirus Tor2","SARS-CoV1","10002316","The epitope sequence was cited in Li et. al. Nature 426 (6965), 450-454 (2003) [PMID:14647384].","","","","","","","","","","",""
"50741","Linear peptide","QFAPSASAFFGMSRIGM","","","307","323","","","Nucleoprotein","P59595.1","Nucleoprotein","P59595","SARS coronavirus BJ01","SARS-CoV1","10002316","The epitope sequence was cited in Qin et al. A complete sequence and comparative analysis of a SARS-associated virus (Isolate BJ01), Chin. Sci. Bull. 48 (2003), pp. 941&ndash;948.","","","","","","","","","","",""
"50767","Linear peptide","QFGRDVSDFTDSVRDPK","","","550","566","","","E2 glycoprotein precursor","NP_828851.1","Spike glycoprotein","P59594","SARS coronavirus Tor2","SARS-CoV1","10002316","The epitope sequence was cited in Li et. al. Nature 426 (6965), 450-454 (2003) [PMID:14647384].","","","","","","","","","","",""
"50779","Linear peptide","QFKDNVILL","","","346","354","","","N protein","AAP13445.1","Nucleoprotein","P59595","SARS coronavirus Urbani","SARS-CoV1","10002316","","","","","","","","","","","",""
"50781","Linear peptide","QFKDNVILLNKHIDAYK","","","346","362","","","Nucleoprotein","P59595.1","Nucleoprotein","P59595","SARS coronavirus BJ01","SARS-CoV1","10002316","The epitope sequence was cited in Qin et al. A complete sequence and comparative analysis of a SARS-associated virus (Isolate BJ01), Chin. Sci. Bull. 48 (2003), pp. 941&ndash;948.","","","","","","","","","","",""
"51043","Linear peptide","QIANQFNKAISQIQESL","","","904","920","","","E2 glycoprotein precursor","NP_828851.1","Spike glycoprotein","P59594","SARS coronavirus Tor2","SARS-CoV1","10002316","The epitope sequence was cited in Li et. al. Nature 426 (6965), 450-454 (2003) [PMID:14647384].","","","","","","","","","","",""
"51074","Linear peptide","QIGYYRRATRRVRGGDGK","","","84","101","","","Nucleoprotein","P59595.1","Nucleoprotein","P59595","SARS coronavirus BJ01","SARS-CoV1","10002316","The epitope sequence was cited in Qin et al. A complete sequence and comparative analysis of a SARS-associated virus (Isolate BJ01), Chin. Sci. Bull. 48 (2003), pp. 941&ndash;948.","","","","","","","","","","",""
"51379","Linear peptide","QLIRAAEIRASANLAAT","","","993","1009","","","E2 glycoprotein precursor","NP_828851.1","Spike glycoprotein","P59594","SARS coronavirus Tor2","SARS-CoV1","10002316","The epitope sequence was cited in Li et. al. Nature 426 (6965), 450-454 (2003) [PMID:14647384].","","","","","","","","","","",""
"51456","Linear peptide","QLNRALSGIAAEQDRNT","","","744","760","","","E2 glycoprotein precursor","NP_828851.1","Spike glycoprotein","P59594","SARS coronavirus Tor2","SARS-CoV1","10002316","The epitope sequence was cited in Li et. al. Nature 426 (6965), 450-454 (2003) [PMID:14647384].","","","","","","","","","","",""
"51483","Linear peptide","QLPQGTTLPKGFYAE","","","161","175","","","N protein","AAP13445.1","Nucleoprotein","P59595","SARS coronavirus Urbani","SARS-CoV1","10002316","","","","","","","","","","","",""
"51484","Linear peptide","QLPQGTTLPKGFYAEGSR","","","161","178","","","Nucleoprotein","P59595.1","Nucleoprotein","P59595","SARS coronavirus BJ01","SARS-CoV1","10002316","The epitope sequence was cited in Qin et al. A complete sequence and comparative analysis of a SARS-associated virus (Isolate BJ01), Chin. Sci. Bull. 48 (2003), pp. 941&ndash;948.","","","","","","","","","","",""
"51874","Linear peptide","QPLPQRQKKQPTVTLL","","","381","396","","","Nucleoprotein","P59595.1","Nucleoprotein","P59595","SARS coronavirus BJ01","SARS-CoV1","10002316","The epitope sequence was cited in Qin et al. A complete sequence and comparative analysis of a SARS-associated virus (Isolate BJ01), Chin. Sci. Bull. 48 (2003), pp. 941&ndash;948.","","","","","","","","","","",""
"52117","Linear peptide","QQQGQTVTKKSAAEASKK","","","241","258","","","Nucleoprotein","P59595.1","Nucleoprotein","P59595","SARS coronavirus BJ01","SARS-CoV1","10002316","The epitope sequence was cited in Qin et al. A complete sequence and comparative analysis of a SARS-associated virus (Isolate BJ01), Chin. Sci. Bull. 48 (2003), pp. 941&ndash;948.","","","","","","","","","","",""
"52389","Linear peptide","QSNQRSAPRITFGGPTDS","","","7","24","","","Nucleoprotein","P59595.1","Nucleoprotein","P59595","SARS coronavirus BJ01","SARS-CoV1","10002316","The epitope sequence was cited in Qin et al. A complete sequence and comparative analysis of a SARS-associated virus (Isolate BJ01), Chin. Sci. Bull. 48 (2003), pp. 941&ndash;948.","","","","","","","","","","",""
"53116","Linear peptide","RAILTAFSPAQDIWGTS","","","232","248","","","E2 glycoprotein precursor","NP_828851.1","Spike glycoprotein","P59594","SARS coronavirus Tor2","SARS-CoV1","10002316","The epitope sequence was cited in Li et. al. Nature 426 (6965), 450-454 (2003) [PMID:14647384].","","","","","","","","","","",""
"53202","Linear peptide","RASANLAATKMSECVLG","","","1001","1017","","","E2 glycoprotein precursor","NP_828851.1","Spike glycoprotein","P59594","SARS coronavirus Tor2","SARS-CoV1","10002316","The epitope sequence was cited in Li et. al. Nature 426 (6965), 450-454 (2003) [PMID:14647384].","","","","","","","","","","",""
"53758","Linear peptide","RFPRGQGVPINTNSGPDDQI","","","66","85","","","Nucleoprotein","P59595.1","Nucleoprotein","P59595","SARS coronavirus BJ01","SARS-CoV1","10002316","The epitope sequence was cited in Qin et al. A complete sequence and comparative analysis of a SARS-associated virus (Isolate BJ01), Chin. Sci. Bull. 48 (2003), pp. 941&ndash;948.","","","","","","","","","","",""
"53766","Linear peptide","RFQPFQQFGRDVSDFTD","","","544","560","","","E2 glycoprotein precursor","NP_828851.1","Spike glycoprotein","P59594","SARS coronavirus Tor2","SARS-CoV1","10002316","The epitope sequence was cited in Li et. al. Nature 426 (6965), 450-454 (2003) [PMID:14647384].","","","","","","","","","","",""
"53933","Linear peptide","RGPEQTQGNFGDQDLIR","","","278","294","","","Nucleoprotein","P59595.1","Nucleoprotein","P59595","SARS coronavirus BJ01","SARS-CoV1","10002316","The epitope sequence was cited in Qin et al. A complete sequence and comparative analysis of a SARS-associated virus (Isolate BJ01), Chin. Sci. Bull. 48 (2003), pp. 941&ndash;948.","","","","","","","","","","",""
"54296","Linear peptide","RITFGGPTDSTDNNQNGGR","","","15","33","","","Nucleoprotein","P59595.1","Nucleoprotein","P59595","SARS coronavirus BJ01","SARS-CoV1","10002316","The epitope sequence was cited in Qin et al. A complete sequence and comparative analysis of a SARS-associated virus (Isolate BJ01), Chin. Sci. Bull. 48 (2003), pp. 941&ndash;948.","","","","","","","","","","",""
"54599","Linear peptide","RLITGRLQSLQTYVTQQ","","","977","993","","","E2 glycoprotein precursor","NP_828851.1","Spike glycoprotein","P59594","SARS coronavirus Tor2","SARS-CoV1","10002316","The epitope sequence was cited in Li et. al. Nature 426 (6965), 450-454 (2003) [PMID:14647384].","","","","","","","","","","",""
"54989","Linear peptide","RNFTTAPAICHEGKAYF","","","1055","1071","","","E2 glycoprotein precursor","NP_828851.1","Spike glycoprotein","P59594","SARS coronavirus Tor2","SARS-CoV1","10002316","The epitope sequence was cited in Li et. al. Nature 426 (6965), 450-454 (2003) [PMID:14647384].","","","","","","","","","","",""
"55149","Linear peptide","RPFERDISNVPFSPDGK","","","449","465","","","E2 glycoprotein precursor","NP_828851.1","Spike glycoprotein","P59594","SARS coronavirus Tor2","SARS-CoV1","10002316","The epitope sequence was cited in Li et. al. Nature 426 (6965), 450-454 (2003) [PMID:14647384].","","","","","","","","","","",""
"55196","Linear peptide","RPKQRRPQGLPNNTASWF","","","37","54","","","Nucleoprotein","P59595.1","Nucleoprotein","P59595","SARS coronavirus BJ01","SARS-CoV1","10002316","The epitope sequence was cited in Qin et al. A complete sequence and comparative analysis of a SARS-associated virus (Isolate BJ01), Chin. Sci. Bull. 48 (2003), pp. 941&ndash;948.","","","","","","","","","","",""
"55940","Linear peptide","RSRGNSRNSTPGSSR","","","190","204","","","Nucleoprotein","P59595.1","Nucleoprotein","P59595","SARS coronavirus BJ01","SARS-CoV1","10002316","The epitope sequence was cited in Qin et al. A complete sequence and comparative analysis of a SARS-associated virus (Isolate BJ01), Chin. Sci. Bull. 48 (2003), pp. 941&ndash;948.","","","","","","","","","","",""
"58001","Linear peptide","SGDVVRFPNITNLCPFG","","","310","326","","","E2 glycoprotein precursor","NP_828851.1","Spike glycoprotein","P59594","SARS coronavirus Tor2","SARS-CoV1","10002316","The epitope sequence was cited in Li et. al. Nature 426 (6965), 450-454 (2003) [PMID:14647384].","","","","","","","","","","",""
"58143","Linear peptide","SGNCDVVIGIINNTVYD","","","1105","1121","","","E2 glycoprotein precursor","NP_828851.1","Spike glycoprotein","P59594","SARS coronavirus Tor2","SARS-CoV1","10002316","The epitope sequence was cited in Li et. al. Nature 426 (6965), 450-454 (2003) [PMID:14647384].","","","","","","","","","","",""
"58868","Linear peptide","SKKPRQKRTATKQYNV","","","256","271","","","Nucleoprotein","P59595.1","Nucleoprotein","P59595","SARS coronavirus BJ01","SARS-CoV1","10002316","The epitope sequence was cited in Qin et al. A complete sequence and comparative analysis of a SARS-associated virus (Isolate BJ01), Chin. Sci. Bull. 48 (2003), pp. 941&ndash;948.","","","","","","","","","","",""
"59120","Linear peptide","SLGADSSIAYSNNTIAI","","","680","696","","","E2 glycoprotein precursor","NP_828851.1","Spike glycoprotein","P59594","SARS coronavirus Tor2","SARS-CoV1","10002316","The epitope sequence was cited in Li et. al. Nature 426 (6965), 450-454 (2003) [PMID:14647384].","","","","","","","","","","",""
"59425","Linear peptide","SLQTYVTQQLIRAAEIR","","","985","1001","","","E2 glycoprotein precursor","NP_828851.1","Spike glycoprotein","P59594","SARS coronavirus Tor2","SARS-CoV1","10002316","The epitope sequence was cited in Li et. al. Nature 426 (6965), 450-454 (2003) [PMID:14647384].","","","","","","","","","","",""
"59944","Linear peptide","SNVPFSPDGKPCTPPAL","","","456","472","","","E2 glycoprotein precursor","NP_828851.1","Spike glycoprotein","P59594","SARS coronavirus Tor2","SARS-CoV1","10002316","The epitope sequence was cited in Li et. al. Nature 426 (6965), 450-454 (2003) [PMID:14647384].","","","","","","","","","","",""
"59985","Linear peptide","SPAQDIWGTSAAAYFVG","","","239","255","","","E2 glycoprotein precursor","NP_828851.1","Spike glycoprotein","P59594","SARS coronavirus Tor2","SARS-CoV1","10002316","The epitope sequence was cited in Li et. al. Nature 426 (6965), 450-454 (2003) [PMID:14647384].","","","","","","","","","","",""
"60014","Linear peptide","SPDGKPCTPPALNCYWP","","","461","477","","","E2 glycoprotein precursor","NP_828851.1","Spike glycoprotein","P59594","SARS coronavirus Tor2","SARS-CoV1","10002316","The epitope sequence was cited in Li et. al. Nature 426 (6965), 450-454 (2003) [PMID:14647384].","","","","","","","","","","",""
"60669","Linear peptide","SRGGSQASSRSSSRSR","","","177","192","","","Nucleoprotein","P59595.1","Nucleoprotein","P59595","SARS coronavirus BJ01","SARS-CoV1","10002316","The epitope sequence was cited in Qin et al. A complete sequence and comparative analysis of a SARS-associated virus (Isolate BJ01), Chin. Sci. Bull. 48 (2003), pp. 941&ndash;948.","","","","","","","","","","",""
"60681","Linear peptide","SRGNSPARMASGGGETAL","","","203","220","","","Nucleoprotein","P59595.1","Nucleoprotein","P59595","SARS coronavirus BJ01","SARS-CoV1","10002316","The epitope sequence was cited in Qin et al. A complete sequence and comparative analysis of a SARS-associated virus (Isolate BJ01), Chin. Sci. Bull. 48 (2003), pp. 941&ndash;948.","","","","","","","","","","",""
"60749","Linear peptide","SRNSTPGSSRGNSPARMA","","","195","212","","","Nucleoprotein","P59595.1","Nucleoprotein","P59595","SARS coronavirus BJ01","SARS-CoV1","10002316","The epitope sequence was cited in Qin et al. A complete sequence and comparative analysis of a SARS-associated virus (Isolate BJ01), Chin. Sci. Bull. 48 (2003), pp. 941&ndash;948.","","","","","","","","","","",""
"61559","Linear peptide","STDNNQNGGRNGARPKQR","","","24","41","","","Nucleoprotein","P59595.1","Nucleoprotein","P59595","SARS coronavirus BJ01","SARS-CoV1","10002316","The epitope sequence was cited in Qin et al. A complete sequence and comparative analysis of a SARS-associated virus (Isolate BJ01), Chin. Sci. Bull. 48 (2003), pp. 941&ndash;948.","","","","","","","","","","",""
"62872","Linear peptide","TAGWTFGAGAALQIPFA","","","865","881","","","E2 glycoprotein precursor","NP_828851.1","Spike glycoprotein","P59594","SARS coronavirus Tor2","SARS-CoV1","10002316","The epitope sequence was cited in Li et. al. Nature 426 (6965), 450-454 (2003) [PMID:14647384].","","","","","","","","","","",""
"62908","Linear peptide","TALGKLQDVVNQNAQAL","","","925","941","","","E2 glycoprotein precursor","NP_828851.1","Spike glycoprotein","P59594","SARS coronavirus Tor2","SARS-CoV1","10002316","The epitope sequence was cited in Li et. al. Nature 426 (6965), 450-454 (2003) [PMID:14647384].","","","","","","","","","","",""
"63309","Linear peptide","TECANLLLQYGSFCTQL","","","729","745","","","E2 glycoprotein precursor","NP_828851.1","Spike glycoprotein","P59594","SARS coronavirus Tor2","SARS-CoV1","10002316","The epitope sequence was cited in Li et. al. Nature 426 (6965), 450-454 (2003) [PMID:14647384].","","","","","","","","","","",""
"64477","Linear peptide","TITDAVDCSQNPLAELK","","","271","287","","","E2 glycoprotein precursor","NP_828851.1","Spike glycoprotein","P59594","SARS coronavirus Tor2","SARS-CoV1","10002316","The epitope sequence was cited in Li et. al. Nature 426 (6965), 450-454 (2003) [PMID:14647384].","","","","","","","","","","",""
"64888","Linear peptide","TLKYFGGFNFSQILPDP","","","775","791","","","E2 glycoprotein precursor","NP_828851.1","Spike glycoprotein","P59594","SARS coronavirus Tor2","SARS-CoV1","10002316","The epitope sequence was cited in Li et. al. Nature 426 (6965), 450-454 (2003) [PMID:14647384].","","","","","","","","","","",""
"65110","Linear peptide","TLTSGSDLDRCTTFDDV","","","9","25","","","E2 glycoprotein precursor","NP_828851.1","Spike glycoprotein","P59594","SARS coronavirus Tor2","SARS-CoV1","10002316","The epitope sequence was cited in Li et. al. Nature 426 (6965), 450-454 (2003) [PMID:14647384].","","","","","","","","","","",""
"65479","Linear peptide","TNVVIRACNFELCDNPF","","","121","137","","","E2 glycoprotein precursor","NP_828851.1","Spike glycoprotein","P59594","SARS coronavirus Tor2","SARS-CoV1","10002316","The epitope sequence was cited in Li et. al. Nature 426 (6965), 450-454 (2003) [PMID:14647384].","","","","","","","","","","",""
"65832","Linear peptide","TQDLFLPFYSNVTGFHT","","","55","71","","","E2 glycoprotein precursor","NP_828851.1","Spike glycoprotein","P59594","SARS coronavirus Tor2","SARS-CoV1","10002316","The epitope sequence was cited in Li et. al. Nature 426 (6965), 450-454 (2003) [PMID:14647384].","","","","","","","","","","",""
"66094","Linear peptide","TRRVRGGDGKMKELSPRW","","","92","109","","","Nucleoprotein","P59595.1","Nucleoprotein","P59595","SARS coronavirus BJ01","SARS-CoV1","10002316","The epitope sequence was cited in Qin et al. A complete sequence and comparative analysis of a SARS-associated virus (Isolate BJ01), Chin. Sci. Bull. 48 (2003), pp. 941&ndash;948.","","","","","","","","","","",""
"66337","Linear peptide","TSNFRVVPSGDVVRFPN","","","302","318","","","E2 glycoprotein precursor","NP_828851.1","Spike glycoprotein","P59594","SARS coronavirus Tor2","SARS-CoV1","10002316","The epitope sequence was cited in Li et. al. Nature 426 (6965), 450-454 (2003) [PMID:14647384].","","","","","","","","","","",""
"67220","Linear peptide","TVYDPLQPELDSFKEEL","","","1118","1134","","","E2 glycoprotein precursor","NP_828851.1","Spike glycoprotein","P59594","SARS coronavirus Tor2","SARS-CoV1","10002316","The epitope sequence was cited in Li et. al. Nature 426 (6965), 450-454 (2003) [PMID:14647384].","","","","","","","","","","",""
"67277","Linear peptide","TWLTYHGAIKLDDKDPQFKDNVILL","","","330","354","","","N protein","AAP13445.1","Nucleoprotein","P59595","SARS coronavirus Urbani","SARS-CoV1","10002316","","","","","","","","","","","",""
"68971","Linear peptide","VIGIINNTVYDPLQPEL","","","1111","1127","","","E2 glycoprotein precursor","NP_828851.1","Spike glycoprotein","P59594","SARS coronavirus Tor2","SARS-CoV1","10002316","The epitope sequence was cited in Li et. al. Nature 426 (6965), 450-454 (2003) [PMID:14647384].","","","","","","","","","","",""
"69299","Linear peptide","VKQMYKTPTLKYFGGFN","","","767","783","","","E2 glycoprotein precursor","NP_828851.1","Spike glycoprotein","P59594","SARS coronavirus Tor2","SARS-CoV1","10002316","The epitope sequence was cited in Li et. al. Nature 426 (6965), 450-454 (2003) [PMID:14647384].","","","","","","","","","","",""
"69699","Linear peptide","VLPPLLTDDMIAAYTAA","","","842","858","","","E2 glycoprotein precursor","NP_828851.1","Spike glycoprotein","P59594","SARS coronavirus Tor2","SARS-CoV1","10002316","The epitope sequence was cited in Li et. al. Nature 426 (6965), 450-454 (2003) [PMID:14647384].","","","","","","","","","","",""
"69760","Linear peptide","VLSFELLNAPATVCGPK","","","498","514","","","E2 glycoprotein precursor","NP_828851.1","Spike glycoprotein","P59594","SARS coronavirus Tor2","SARS-CoV1","10002316","The epitope sequence was cited in Li et. al. Nature 426 (6965), 450-454 (2003) [PMID:14647384].","","","","","","","","","","",""
"69865","Linear peptide","VLYENQKQIANQFNKAI","","","897","913","","","E2 glycoprotein precursor","NP_828851.1","Spike glycoprotein","P59594","SARS coronavirus Tor2","SARS-CoV1","10002316","The epitope sequence was cited in Li et. al. Nature 426 (6965), 450-454 (2003) [PMID:14647384].","","","","","","","","","","",""
"70527","Linear peptide","VQAPNYTQHTSSMRGVY","","","25","41","","","E2 glycoprotein precursor","NP_828851.1","Spike glycoprotein","P59594","SARS coronavirus Tor2","SARS-CoV1","10002316","The epitope sequence was cited in Li et. al. Nature 426 (6965), 450-454 (2003) [PMID:14647384].","","","","","","","","","","",""
"70719","Linear peptide","VRFPNITNLCPFGEVFN","","","314","330","","","E2 glycoprotein precursor","NP_828851.1","Spike glycoprotein","P59594","SARS coronavirus Tor2","SARS-CoV1","10002316","The epitope sequence was cited in Li et. al. Nature 426 (6965), 450-454 (2003) [PMID:14647384].","","","","","","","","","","",""
"71189","Linear peptide","VSVITPGTNASSEVAVL","","","581","597","","","E2 glycoprotein precursor","NP_828851.1","Spike glycoprotein","P59594","SARS coronavirus Tor2","SARS-CoV1","10002316","The epitope sequence was cited in Li et. al. Nature 426 (6965), 450-454 (2003) [PMID:14647384].","","","","","","","","","","",""
"71589","Linear peptide","VTYVPSQERNFTTAPAI","","","1047","1063","","","E2 glycoprotein precursor","NP_828851.1","Spike glycoprotein","P59594","SARS coronavirus Tor2","SARS-CoV1","10002316","The epitope sequence was cited in Li et. al. Nature 426 (6965), 450-454 (2003) [PMID:14647384].","","","","","","","","","","",""
"72205","Linear peptide","VYYPDEIFRSDTLYLTQD","","","40","57","","","E2 glycoprotein precursor","NP_828851.1","Spike glycoprotein","P59594","SARS coronavirus Tor2","SARS-CoV1","10002316","The epitope sequence was cited in Li et. al. Nature 426 (6965), 450-454 (2003) [PMID:14647384].","","","","","","","","","","",""
"72435","Linear peptide","WFTALTQHGKEELRFPR","","","53","69","","","Nucleoprotein","P59595.1","Nucleoprotein","P59595","SARS coronavirus BJ01","SARS-CoV1","10002316","The epitope sequence was cited in Qin et al. A complete sequence and comparative analysis of a SARS-associated virus (Isolate BJ01), Chin. Sci. Bull. 48 (2003), pp. 941&ndash;948.","","","","","","","","","","",""
"72519","Linear peptide","WGTSAAAYFVGYLKPTT","","","245","261","","","E2 glycoprotein precursor","NP_828851.1","Spike glycoprotein","P59594","SARS coronavirus Tor2","SARS-CoV1","10002316","The epitope sequence was cited in Li et. al. Nature 426 (6965), 450-454 (2003) [PMID:14647384].","","","","","","","","","","",""
"72816","Linear peptide","WLTYHGAIKLDDKDPQF","","","331","347","","","Nucleoprotein","P59595.1","Nucleoprotein","P59595","SARS coronavirus BJ01","SARS-CoV1","10002316","The epitope sequence was cited in Qin et al. A complete sequence and comparative analysis of a SARS-associated virus (Isolate BJ01), Chin. Sci. Bull. 48 (2003), pp. 941&ndash;948.","","","","","","","","","","",""
"73036","Linear peptide","WRIYSTGNNVFQTQAGC","","","619","635","","","E2 glycoprotein precursor","NP_828851.1","Spike glycoprotein","P59594","SARS coronavirus Tor2","SARS-CoV1","10002316","The epitope sequence was cited in Li et. al. Nature 426 (6965), 450-454 (2003) [PMID:14647384].","","","","","","","","","","",""
"74173","Linear peptide","YICGDSTECANLLLQYG","","","723","739","","","E2 glycoprotein precursor","NP_828851.1","Spike glycoprotein","P59594","SARS coronavirus Tor2","SARS-CoV1","10002316","The epitope sequence was cited in Li et. al. Nature 426 (6965), 450-454 (2003) [PMID:14647384].","","","","","","","","","","",""
"74367","Linear peptide","YISDAFSLDVSEKSGNF","","","163","179","","","E2 glycoprotein precursor","NP_828851.1","Spike glycoprotein","P59594","SARS coronavirus Tor2","SARS-CoV1","10002316","The epitope sequence was cited in Li et. al. Nature 426 (6965), 450-454 (2003) [PMID:14647384].","","","","","","","","","","",""
"74684","Linear peptide","YLGTGPEASLPYGANK","","","113","128","","","Nucleoprotein","P59595.1","Nucleoprotein","P59595","SARS coronavirus BJ01","SARS-CoV1","10002316","The epitope sequence was cited in Qin et al. A complete sequence and comparative analysis of a SARS-associated virus (Isolate BJ01), Chin. Sci. Bull. 48 (2003), pp. 941&ndash;948.","","","","","","","","","","",""
"75235","Linear peptide","YNVTQAFGRRGPEQTQGNF","","","269","287","","","Nucleoprotein","P59595.1","Nucleoprotein","P59595","SARS coronavirus BJ01","SARS-CoV1","10002316","The epitope sequence was cited in Qin et al. A complete sequence and comparative analysis of a SARS-associated virus (Isolate BJ01), Chin. Sci. Bull. 48 (2003), pp. 941&ndash;948.","","","","","","","","","","",""
"75528","Linear peptide","YQPIDVVRDLPSGFNTL","","","200","216","","","E2 glycoprotein precursor","NP_828851.1","Spike glycoprotein","P59594","SARS coronavirus Tor2","SARS-CoV1","10002316","The epitope sequence was cited in Li et. al. Nature 426 (6965), 450-454 (2003) [PMID:14647384].","","","","","","","","","","",""
"75843","Linear peptide","YSNVTGFHT","","","63","71","","","E2 glycoprotein precursor","NP_828851.1","Spike glycoprotein","P59594","SARS coronavirus Tor2","SARS-CoV1","10002316","The epitope sequence was cited in Li et. al. Nature 426 (6965), 450-454 (2003) [PMID:14647384].","","","","","","","","","","",""
"75920","Linear peptide","YSVLYNSTFFSTFKCYG","","","352","368","","","E2 glycoprotein precursor","NP_828851.1","Spike glycoprotein","P59594","SARS coronavirus Tor2","SARS-CoV1","10002316","The epitope sequence was cited in Li et. al. Nature 426 (6965), 450-454 (2003) [PMID:14647384].","","","","","","","","","","",""
"76446","Linear peptide","YVYKGYQPIDVVRDLPS","","","195","211","","","E2 glycoprotein precursor","NP_828851.1","Spike glycoprotein","P59594","SARS coronavirus Tor2","SARS-CoV1","10002316","The epitope sequence was cited in Li et. al. Nature 426 (6965), 450-454 (2003) [PMID:14647384].","","","","","","","","","","",""
"100537","Linear peptide","SWFITQRNFFSPQII","","","1083","1097","","","spike glycoprotein","AAP41037.1","Spike glycoprotein","P59594","SARS coronavirus Tor2","SARS-CoV1","10002316","","","","","","","","","","","",""
"100711","Linear peptide","AGCLIGAEHVDTSYECDI","","","633","650","","","spike glycoprotein","AAP41037.1","Spike glycoprotein","P59594","SARS coronavirus Tor2","SARS-CoV1","10002316","","","","","","","","","","","",""
"100778","Linear peptide","DIPIGAGICASYHTVSLL","","","649","666","","","spike glycoprotein","AAP41037.1","Spike glycoprotein","P59594","SARS coronavirus Tor2","SARS-CoV1","10002316","","","","","","","","","","","",""
"100879","Linear peptide","GHLRMAGHSLGRCDI","","","146","160","","","membrane glycoprotein M","AAP41041.1","Membrane protein","P59596","SARS coronavirus Tor2","SARS-CoV1","10002316","","","","","","","","","","","",""
"101126","Linear peptide","PLQASLPFGWLVIGV","","","36","50","","","Orf3","AAP41038.1","ORF3a protein","P59632","SARS coronavirus Tor2","SARS-CoV1","10002316","","","","","","","","","","","",""
"148529","Linear peptide","KLRPFERDISNV","","","447","458","","","spike glycoprotein S","AAP30030.1","Spike glycoprotein","P59594","SARS coronavirus BJ01","SARS-CoV1","10002316","","","","","","","","","","","",""
"1070805","Linear peptide","KPTKRSFIEDLLFNKVTL","","","793","810","","","spike glycoprotein [SARS coronavirus Tor2]","YP_009825051.1","Spike glycoprotein","P59594","SARS coronavirus Tor2","SARS-CoV1","10002316","","","","","","","","","","","",""
"1087450","Linear peptide","AAEQDRNTREVFAQVKQM","","","753","770","","","spike glycoprotein [SARS coronavirus Tor2]","YP_009825051.1","Spike glycoprotein","P59594","SARS coronavirus Tor2","SARS-CoV1","10002316","","","","","","","","","","","",""
"1087598","Linear peptide","KTFPPTEPKKDKKKKTDE","","","362","379","","","nucleocapsid protein [SARS coronavirus Tor2]","YP_009825061.1","Nucleoprotein","P59595","SARS coronavirus Tor2","SARS-CoV1","10002316","","","","","","","","","","","",""
"1087693","Linear peptide","QMYKTPTLKYFGGFNFSQ","","","769","786","","","spike glycoprotein [SARS coronavirus Tor2]","YP_009825051.1","Spike glycoprotein","P59594","SARS coronavirus Tor2","SARS-CoV1","10002316","","","","","","","","","","","",""
